{
  "__inputs": [
    {
      "name": "DS_NEO4J_DS",
      "label": "Neo4j_DS",
      "description": "",
      "type": "datasource",
      "pluginId": "neo4j",
      "pluginName": "Neo4j"
    }
  ],
  "__requires": [
    {
      "type": "panel",
      "id": "pipeline",
      "name": "Pipeline",
      "version": ""
    },
    {
      "type": "grafana",
      "id": "grafana",
      "name": "Grafana",
      "version": "4.0.2"
    },
    {
      "type": "datasource",
      "id": "neo4j",
      "name": "Neo4j",
      "version": "1.0.0"
    }
  ],
  "id": null,
  "title": "Custom Pipeline Dashboard",
  "tags": [],
  "style": "dark",
  "timezone": "browser",
  "editable": true,
  "sharedCrosshair": false,
  "hideControls": false,
  "time": {
    "from": "now-6h",
    "to": "now"
  },
  "timepicker": {
    "refresh_intervals": [
      "5s",
      "10s",
      "30s",
      "1m",
      "5m",
      "15m",
      "30m",
      "1h",
      "2h",
      "1d"
    ],
    "time_options": [
      "5m",
      "15m",
      "1h",
      "6h",
      "12h",
      "24h",
      "2d",
      "7d",
      "30d"
    ]
  },
  "templating": {
    "list": []
  },
  "annotations": {
    "list": []
  },
  "schemaVersion": 13,
  "version": 1,
  "links": [],
  "gnetId": null,
  "rows": [
    {
      "title": "Row",
      "panels": [
        {
          "datasource": "${DS_NEO4J_DS}",
          "editable": true,
          "error": false,
          "id": 1,
          "links": [],
          "pipelinePanelMetaData": {
            "pipelineDataModel": [
              {
                "pipelineColor": "#808080",
                "pipelineName": "Orphan Commits",
                "pipelineRefId": "A",
                "toolsList": [
                  {
                    "fieldList": [
                      {
                        "dbName": "git_commitId",
                        "displayName": "Total Commits"
                      },
                      {
                        "dbName": "git_authorName",
                        "displayName": "Unique Authors"
                      },
                      {
                        "dbName": "git_reponame",
                        "displayName": "Unique Repositories"
                      }
                    ],
                    "position": 1,
                    "toolCategoryIcon": "",
                    "toolCategoryName": "SCM"
                  },
                  {
                    "fieldList": [
                      {
                        "dbName": "jen_ProjectName",
                        "displayName": "Total Jobs"
                      }
                    ],
                    "position": 2,
                    "toolCategoryIcon": "",
                    "toolCategoryName": "CI"
                  },
                  {
                    "fieldList": [
                      {
                        "dbName": "resourcekey",
                        "displayName": "Unique Projects"
                      }
                    ],
                    "position": 3,
                    "toolCategoryIcon": "",
                    "toolCategoryName": "Code Quality"
                  },
                  {
                    "fieldList": [
                      {
                        "dbName": "run_ProjectName",
                        "displayName": "Unique Projects"
                      },
                      {
                        "dbName": "run_JobName",
                        "displayName": "Unique JobNames"
                      },
                      {
                        "dbName": "run_ExecutionId",
                        "displayName": "Unique Exec Ids"
                      }
                    ],
                    "position": 4,
                    "toolCategoryIcon": "",
                    "toolCategoryName": "Deployment"
                  }
                ]
              },
              {
                "pipelineColor": "#ffad32",
                "pipelineName": "Continuous Build",
                "pipelineRefId": "B",
                "toolsList": [
                  {
                    "fieldList": [
                      {
                        "dbName": "git_commitId",
                        "displayName": "Total Commits"
                      },
                      {
                        "dbName": "git_authorName",
                        "displayName": "Unique Authors"
                      },
                      {
                        "dbName": "git_reponame",
                        "displayName": "Unique Repositories"
                      }
                    ],
                    "position": 1,
                    "toolCategoryIcon": "",
                    "toolCategoryName": "SCM"
                  },
                  {
                    "fieldList": [
                      {
                        "dbName": "jen_ProjectName",
                        "displayName": "Total Jobs"
                      }
                    ],
                    "position": 2,
                    "toolCategoryIcon": "",
                    "toolCategoryName": "CI"
                  },
                  {
                    "fieldList": [
                      {
                        "dbName": "resourcekey",
                        "displayName": "Unique Projects"
                      }
                    ],
                    "position": 3,
                    "toolCategoryIcon": "",
                    "toolCategoryName": "Code Quality"
                  },
                  {
                    "fieldList": [
                      {
                        "dbName": "run_ProjectName",
                        "displayName": "Unique Projects"
                      },
                      {
                        "dbName": "run_JobName",
                        "displayName": "Unique JobNames"
                      },
                      {
                        "dbName": "run_ExecutionId",
                        "displayName": "Unique Exec Ids"
                      }
                    ],
                    "position": 4,
                    "toolCategoryIcon": "",
                    "toolCategoryName": "Deployment"
                  }
                ]
              },
              {
                "pipelineColor": "#ffad32",
                "pipelineName": "Build - Code Quality",
                "pipelineRefId": "C",
                "toolsList": [
                  {
                    "fieldList": [
                      {
                        "dbName": "git_commitId",
                        "displayName": "Total Commits"
                      },
                      {
                        "dbName": "git_authorName",
                        "displayName": "Unique Authors"
                      },
                      {
                        "dbName": "git_reponame",
                        "displayName": "Unique Repositories"
                      }
                    ],
                    "position": 1,
                    "toolCategoryIcon": "",
                    "toolCategoryName": "SCM"
                  },
                  {
                    "fieldList": [
                      {
                        "dbName": "jen_ProjectName",
                        "displayName": "Total Jobs"
                      }
                    ],
                    "position": 2,
                    "toolCategoryIcon": "",
                    "toolCategoryName": "CI"
                  },
                  {
                    "fieldList": [
                      {
                        "dbName": "resourcekey",
                        "displayName": "Unique Projects"
                      }
                    ],
                    "position": 3,
                    "toolCategoryIcon": "",
                    "toolCategoryName": "Code Quality"
                  },
                  {
                    "fieldList": [
                      {
                        "dbName": "run_ProjectName",
                        "displayName": "Unique Projects"
                      },
                      {
                        "dbName": "run_JobName",
                        "displayName": "Unique JobNames"
                      },
                      {
                        "dbName": "run_ExecutionId",
                        "displayName": "Unique Exec Ids"
                      }
                    ],
                    "position": 4,
                    "toolCategoryIcon": "",
                    "toolCategoryName": "Deployment"
                  }
                ]
              },
              {
                "pipelineColor": "#ff1919",
                "pipelineName": "Dep w/o Code Qua",
                "pipelineRefId": "D",
                "toolsList": [
                  {
                    "fieldList": [
                      {
                        "dbName": "git_commitId",
                        "displayName": "Total Commits"
                      },
                      {
                        "dbName": "git_authorName",
                        "displayName": "Unique Authors"
                      },
                      {
                        "dbName": "git_reponame",
                        "displayName": "Unique Repositories"
                      }
                    ],
                    "position": 1,
                    "toolCategoryIcon": "",
                    "toolCategoryName": "SCM"
                  },
                  {
                    "fieldList": [
                      {
                        "dbName": "jen_ProjectName",
                        "displayName": "Total Jobs"
                      }
                    ],
                    "position": 2,
                    "toolCategoryIcon": "",
                    "toolCategoryName": "CI"
                  },
                  {
                    "fieldList": [
                      {
                        "dbName": "resourcekey",
                        "displayName": "Unique Projects"
                      }
                    ],
                    "position": 3,
                    "toolCategoryIcon": "",
                    "toolCategoryName": "Code Quality"
                  },
                  {
                    "fieldList": [
                      {
                        "dbName": "run_ProjectName",
                        "displayName": "Unique Projects"
                      },
                      {
                        "dbName": "run_JobName",
                        "displayName": "Unique JobNames"
                      },
                      {
                        "dbName": "run_ExecutionId",
                        "displayName": "Unique Exec Ids"
                      }
                    ],
                    "position": 4,
                    "toolCategoryIcon": "",
                    "toolCategoryName": "Deployment"
                  }
                ]
              },
              {
                "pipelineColor": "#198c19",
                "pipelineName": "Cont Deployment",
                "pipelineRefId": "E",
                "toolsList": [
                  {
                    "fieldList": [
                      {
                        "dbName": "git_commitId",
                        "displayName": "Total Commits"
                      },
                      {
                        "dbName": "git_authorName",
                        "displayName": "Unique Authors"
                      },
                      {
                        "dbName": "git_reponame",
                        "displayName": "Unique Repositories"
                      }
                    ],
                    "position": 1,
                    "toolCategoryIcon": "",
                    "toolCategoryName": "SCM"
                  },
                  {
                    "fieldList": [
                      {
                        "dbName": "jen_ProjectName",
                        "displayName": "Total Jobs"
                      }
                    ],
                    "position": 2,
                    "toolCategoryIcon": "",
                    "toolCategoryName": "CI"
                  },
                  {
                    "fieldList": [
                      {
                        "dbName": "resourcekey",
                        "displayName": "Unique Projects"
                      }
                    ],
                    "position": 3,
                    "toolCategoryIcon": "",
                    "toolCategoryName": "Code Quality"
                  },
                  {
                    "fieldList": [
                      {
                        "dbName": "run_ProjectName",
                        "displayName": "Unique Projects"
                      },
                      {
                        "dbName": "run_JobName",
                        "displayName": "Unique JobNames"
                      },
                      {
                        "dbName": "run_ExecutionId",
                        "displayName": "Unique Exec Ids"
                      }
                    ],
                    "position": 4,
                    "toolCategoryIcon": "",
                    "toolCategoryName": "Deployment"
                  }
                ]
              }
            ],
            "toolsMetaData": [
              {
                "fieldList": [
                  {
                    "dbName": "git_commitId",
                    "displayName": "Total Commits"
                  },
                  {
                    "dbName": "git_authorName",
                    "displayName": "Unique Authors"
                  },
                  {
                    "dbName": "git_reponame",
                    "displayName": "Unique Repositories"
                  }
                ],
                "position": 1,
                "toolCategoryIcon": "",
                "toolCategoryName": "SCM"
              },
              {
                "fieldList": [
                  {
                    "dbName": "jen_ProjectName",
                    "displayName": "Total Jobs"
                  }
                ],
                "position": 2,
                "toolCategoryIcon": "",
                "toolCategoryName": "CI"
              },
              {
                "fieldList": [
                  {
                    "dbName": "resourcekey",
                    "displayName": "Unique Projects"
                  }
                ],
                "position": 3,
                "toolCategoryIcon": "",
                "toolCategoryName": "Code Quality"
              },
              {
                "fieldList": [
                  {
                    "dbName": "run_ProjectName",
                    "displayName": "Unique Projects"
                  },
                  {
                    "dbName": "run_JobName",
                    "displayName": "Unique JobNames"
                  },
                  {
                    "dbName": "run_ExecutionId",
                    "displayName": "Unique Exec Ids"
                  }
                ],
                "position": 4,
                "toolCategoryIcon": "",
                "toolCategoryName": "Deployment"
              }
            ]
          },
          "span": 12,
          "targets": [
            {
              "rawQuery": true,
              "refId": "A",
              "target": "match (GIT:GIT) OPTIONAL MATCH (GIT)-[:JENKINS_TRG_BY_GIT]->(JENKINS) with GIT, JENKINS where JENKINS is null AND exists(GIT.git_reponame) return count(distinct GIT. git_commitId) as git_commitId, count(distinct GIT.git_reponame) as git_reponame, count(distinct GIT.git_authorName) as git_authorName"
            },
            {
              "rawQuery": true,
              "refId": "B",
              "target": "MATCH (GIT)-[r:JENKINS_TRG_BY_GIT]->(JENKINS) return count(distinct GIT.git_commitId) as git_commitId, count(distinct GIT.git_reponame) as git_reponame, count(distinct GIT.git_authorName) as git_authorName, count(distinct JENKINS.jen_ProjectName) as jen_ProjectName"
            },
            {
              "rawQuery": true,
              "refId": "C",
              "target": "MATCH (GIT)-[r1:JENKINS_TRG_BY_GIT]->(JENKINS), (JENKINS)-[r2:SONAR_TRG_BY_JENKINS]->(SONAR) return count(distinct GIT.git_commitId) as git_commitId, count(distinct GIT.git_reponame) as git_reponame, count(distinct GIT.git_authorName) as git_authorName, count(distinct JENKINS.jen_ProjectName) as jen_ProjectName, count(distinct SONAR.resourcekey) as resourcekey"
            },
            {
              "rawQuery": true,
              "refId": "D",
              "target": "MATCH (JENKINS)-[r3:RUNDECK_TRG_BY_JENKINS]->(RUNDECK), (GIT)-[r1:JENKINS_TRG_BY_GIT]->(JENKINS) OPTIONAL MATCH (JENKINS)-[:SONAR_TRG_BY_JENKINS]->(SONAR) with GIT, JENKINS, SONAR, RUNDECK where SONAR is null return count(distinct GIT.git_commitId) as git_commitId, count(distinct GIT.git_reponame) as git_reponame, count(distinct GIT.git_authorName) as git_authorName, count(distinct JENKINS.jen_ProjectName) as jen_ProjectName, count(distinct SONAR.resourcekey) as resourcekey, count(distinct RUNDECK.run_ProjectName) as run_ProjectName, count(distinct RUNDECK.run_JobName) as run_JobName, count(distinct RUNDECK.run_ExecutionId) as run_ExecutionId"
            },
            {
              "rawQuery": true,
              "refId": "E",
              "target": "MATCH (GIT)-[r1:JENKINS_TRG_BY_GIT]->(JENKINS), (JENKINS)-[r2:SONAR_TRG_BY_JENKINS]->(SONAR), (JENKINS)-[r3:RUNDECK_TRG_BY_JENKINS]->(RUNDECK) return count(distinct GIT.git_commitId) as git_commitId, count(distinct GIT.git_reponame) as git_reponame, count(distinct GIT.git_authorName) as git_authorName, count(distinct JENKINS.jen_ProjectName) as jen_ProjectName, count(distinct SONAR.resourcekey) as resourcekey, count(distinct RUNDECK.run_ProjectName) as run_ProjectName, count(distinct RUNDECK.run_JobName) as run_JobName, count(distinct RUNDECK.run_ExecutionId) as run_ExecutionId"
            }
          ],
          "title": "Pipeline Dashboard",
          "type": "pipeline"
        }
      ],
      "showTitle": false,
      "titleSize": "h6",
      "height": "600px",
      "repeat": null,
      "repeatRowId": null,
      "repeatIteration": null,
      "collapse": false
    }
  ]
}