{
  "__inputs": [
    {
      "name": "DS_ELATICSEARCH_DS",
      "label": "ElaticSearch_DS",
      "description": "",
      "type": "datasource",
      "pluginId": "elasticsearch",
      "pluginName": "Elasticsearch"
    },
    {
      "name": "DS_NEO4J_DS",
      "label": "Neo4j_DS",
      "description": "",
      "type": "datasource",
      "pluginId": "neo4j",
      "pluginName": "Neo4j"
    }
  ],
  "__requires": [
    {
      "type": "panel",
      "id": "grafana-singlestat-uniquecount",
      "name": "SingleStat-unique",
      "version": "1.0.0"
    },
    {
      "type": "panel",
      "id": "insightscharts",
      "name": "Insights Charts",
      "version": ""
    },
    {
      "type": "panel",
      "id": "singlestatneo",
      "name": "SingleStat-Neo4j",
      "version": ""
    },
    {
      "type": "panel",
      "id": "grafana-piechart-panel",
      "name": "Pie Chart",
      "version": "1.1.1"
    },
    {
      "type": "panel",
      "id": "graph",
      "name": "Graph",
      "version": ""
    },
    {
      "type": "grafana",
      "id": "grafana",
      "name": "Grafana",
      "version": "4.0.2"
    },
    {
      "type": "datasource",
      "id": "elasticsearch",
      "name": "Elasticsearch",
      "version": "3.0.0"
    },
    {
      "type": "datasource",
      "id": "neo4j",
      "name": "Neo4j",
      "version": "1.0.0"
    }
  ],
  "id": null,
  "title": "Defects Dashboard",
  "tags": [],
  "style": "dark",
  "timezone": "browser",
  "editable": true,
  "sharedCrosshair": false,
  "hideControls": false,
  "time": {
    "from": "2016-09-30T18:30:00.000Z",
    "to": "2016-12-31T18:30:00.000Z"
  },
  "timepicker": {
    "refresh_intervals": [
      "5s",
      "10s",
      "30s",
      "1m",
      "5m",
      "15m",
      "30m",
      "1h",
      "2h",
      "1d"
    ],
    "time_options": [
      "5m",
      "15m",
      "1h",
      "6h",
      "12h",
      "24h",
      "2d",
      "7d",
      "30d"
    ]
  },
  "templating": {
    "list": []
  },
  "annotations": {
    "list": []
  },
  "schemaVersion": 13,
  "version": 0,
  "links": [],
  "gnetId": null,
  "rows": [
    {
      "title": "Row",
      "panels": [
        {
          "aliasColors": {},
          "cacheTimeout": null,
          "datasource": "${DS_ELATICSEARCH_DS}",
          "editable": true,
          "error": false,
          "fontSize": "80%",
          "format": "short",
          "height": "300px",
          "id": 1,
          "interval": null,
          "legend": {
            "show": true,
            "values": true
          },
          "legendType": "Under graph",
          "links": [],
          "maxDataPoints": 3,
          "nullPointMode": "connected",
          "span": 1,
          "strokeWidth": 1,
          "targets": [
            {
              "bucketAggs": [
                {
                  "fake": true,
                  "field": "DefectID",
                  "id": "3",
                  "settings": {
                    "order": "asc",
                    "orderBy": "_term",
                    "size": "0"
                  },
                  "type": "terms"
                },
                {
                  "field": "inSightsTimeX",
                  "id": "2",
                  "settings": {
                    "interval": "auto",
                    "min_doc_count": 0,
                    "trimEdges": 0
                  },
                  "type": "date_histogram"
                }
              ],
              "dsType": "elasticsearch",
              "metrics": [
                {
                  "field": "select field",
                  "id": "1",
                  "type": "count"
                }
              ],
              "query": "_type:DEFECTS",
              "refId": "A",
              "timeField": "inSightsTimeX"
            }
          ],
          "title": "Total Defects",
          "type": "grafana-singlestat-uniquecount",
          "valueName": "current"
        },
        {
          "datasource": "${DS_NEO4J_DS}",
          "editable": true,
          "error": false,
          "height": "300px",
          "id": 2,
          "insightsPanelData": {
            "chartOptions": {
              "backgroundColor": {
                "fill": "#fbfbfb"
              },
              "booleanRole": "certainty",
              "hAxis": {
                "maxValue": null,
                "minValue": null,
                "useFormatFromData": true,
                "viewWindow": {
                  "max": null,
                  "min": null
                }
              },
              "height": 268,
              "is3D": false,
              "legacyScatterChartLabels": true,
              "legend": "labeled",
              "pieHole": 0.5,
              "pieSliceText": "value",
              "vAxes": [
                {
                  "maxValue": null,
                  "minValue": null,
                  "useFormatFromData": true,
                  "viewWindow": {
                    "max": null,
                    "min": null
                  }
                },
                {
                  "maxValue": null,
                  "minValue": null,
                  "useFormatFromData": true,
                  "viewWindow": {
                    "max": null,
                    "min": null
                  }
                }
              ],
              "width": "100%"
            },
            "chartType": "PieChart",
            "insightsChartEditorModel": {
              "targets": [
                {
                  "columnModel": [
                    {
                      "name": "Sprint",
                      "type": "string"
                    },
                    {
                      "name": "Count",
                      "type": "number"
                    }
                  ],
                  "id": "B"
                }
              ]
            }
          },
          "links": [],
          "span": 4,
          "targets": [
            {
              "rawQuery": true,
              "refId": "B",
              "target": "match (n:DEFECTS) return DISTINCT n.SprintID as Sprint, count(*) as Count"
            }
          ],
          "title": "Defects by Sprint",
          "type": "insightscharts"
        },
        {
          "datasource": "${DS_NEO4J_DS}",
          "editable": true,
          "error": false,
          "height": "",
          "id": 8,
          "links": [],
          "span": 1,
          "targets": [
            {
              "rawQuery": true,
              "refId": "A",
              "target": "match (n:DEFECTS) return floor(avg(toInt(n.inSightsTimeEnd)-toInt(n.inSightsTime))/(60*60*24)) as AvgTimeInDays"
            }
          ],
          "title": "Avg. Closure Time in Days",
          "type": "singlestatneo",
          "uniqueSingleStatPanelMetaData": {
            "inputProperties": {
              "color": "blue",
              "font-size": "50px"
            },
            "selectedfield": "AvgTimeInDays"
          }
        },
        {
          "datasource": "${DS_NEO4J_DS}",
          "editable": true,
          "error": false,
          "id": 9,
          "links": [],
          "span": 1,
          "targets": [
            {
              "rawQuery": true,
              "refId": "A",
              "target": "match (n:DEFECTS) return floor(max(toInt(n.inSightsTimeEnd)-toInt(n.inSightsTime))/(60*60*24)) as MaxTimeInDays"
            }
          ],
          "title": "Max. Closure Time In Days",
          "type": "singlestatneo",
          "uniqueSingleStatPanelMetaData": {
            "inputProperties": {
              "color": "red",
              "font-size": "50px"
            },
            "selectedfield": "MaxTimeInDays"
          }
        },
        {
          "aliasColors": {},
          "cacheTimeout": null,
          "datasource": "${DS_ELATICSEARCH_DS}",
          "editable": true,
          "error": false,
          "fontSize": "80%",
          "format": "short",
          "height": "300px",
          "id": 6,
          "interval": null,
          "legend": {
            "show": true,
            "values": true
          },
          "legendType": "On graph",
          "links": [],
          "maxDataPoints": 3,
          "nullPointMode": "connected",
          "pieType": "pie",
          "span": 2,
          "strokeWidth": 1,
          "targets": [
            {
              "bucketAggs": [
                {
                  "fake": true,
                  "field": "Status",
                  "id": "3",
                  "settings": {
                    "order": "asc",
                    "orderBy": "_term",
                    "size": "10"
                  },
                  "type": "terms"
                },
                {
                  "field": "inSightsTimeX",
                  "id": "2",
                  "settings": {
                    "interval": "auto",
                    "min_doc_count": 0,
                    "trimEdges": 0
                  },
                  "type": "date_histogram"
                }
              ],
              "dsType": "elasticsearch",
              "metrics": [
                {
                  "field": "select field",
                  "id": "1",
                  "type": "count"
                }
              ],
              "query": "_type:DEFECTS",
              "refId": "A",
              "timeField": "inSightsTimeX"
            }
          ],
          "title": "Defects by Status",
          "type": "grafana-piechart-panel",
          "valueName": "current"
        },
        {
          "aliasColors": {},
          "cacheTimeout": null,
          "datasource": "${DS_ELATICSEARCH_DS}",
          "editable": true,
          "error": false,
          "fontSize": "80%",
          "format": "short",
          "height": "300px",
          "id": 5,
          "interval": null,
          "legend": {
            "show": true,
            "values": true
          },
          "legendType": "Right side",
          "links": [],
          "maxDataPoints": 3,
          "nullPointMode": "connected",
          "pieType": "pie",
          "span": 3,
          "strokeWidth": 1,
          "targets": [
            {
              "bucketAggs": [
                {
                  "fake": true,
                  "field": "Priority",
                  "id": "3",
                  "settings": {
                    "order": "asc",
                    "orderBy": "_term",
                    "size": "10"
                  },
                  "type": "terms"
                },
                {
                  "field": "inSightsTimeX",
                  "id": "2",
                  "settings": {
                    "interval": "auto",
                    "min_doc_count": 0,
                    "trimEdges": 0
                  },
                  "type": "date_histogram"
                }
              ],
              "dsType": "elasticsearch",
              "metrics": [
                {
                  "field": "select field",
                  "id": "1",
                  "type": "count"
                }
              ],
              "query": "_type:DEFECTS",
              "refId": "A",
              "timeField": "inSightsTimeX"
            }
          ],
          "title": "Defects by Priority",
          "type": "grafana-piechart-panel",
          "valueName": "current"
        }
      ],
      "showTitle": false,
      "titleSize": "h6",
      "height": 297,
      "repeat": null,
      "repeatRowId": null,
      "repeatIteration": null,
      "collapse": false
    },
    {
      "title": "New row",
      "panels": [
        {
          "aliasColors": {},
          "bars": false,
          "datasource": "${DS_ELATICSEARCH_DS}",
          "editable": true,
          "error": false,
          "fill": 1,
          "grid": {},
          "id": 3,
          "legend": {
            "alignAsTable": true,
            "avg": false,
            "current": false,
            "max": false,
            "min": false,
            "rightSide": true,
            "show": false,
            "total": true,
            "values": true
          },
          "lines": true,
          "linewidth": 2,
          "links": [],
          "nullPointMode": "connected",
          "percentage": false,
          "pointradius": 5,
          "points": false,
          "renderer": "flot",
          "seriesOverrides": [],
          "span": 6,
          "stack": false,
          "steppedLine": false,
          "targets": [
            {
              "bucketAggs": [
                {
                  "field": "inSightsTimeX",
                  "id": "2",
                  "settings": {
                    "interval": "1d",
                    "min_doc_count": 0,
                    "trimEdges": 0
                  },
                  "type": "date_histogram"
                }
              ],
              "dsType": "elasticsearch",
              "metrics": [
                {
                  "field": "select field",
                  "id": "1",
                  "type": "count"
                }
              ],
              "query": "_type:DEFECTS",
              "refId": "A",
              "timeField": "inSightsTimeX"
            }
          ],
          "thresholds": [],
          "timeFrom": null,
          "timeShift": null,
          "title": "Defects Trend",
          "tooltip": {
            "msResolution": true,
            "shared": true,
            "sort": 0,
            "value_type": "cumulative"
          },
          "type": "graph",
          "xaxis": {
            "mode": "time",
            "name": null,
            "show": true,
            "values": []
          },
          "yaxes": [
            {
              "format": "short",
              "label": null,
              "logBase": 1,
              "max": null,
              "min": null,
              "show": true
            },
            {
              "format": "short",
              "label": null,
              "logBase": 1,
              "max": null,
              "min": null,
              "show": true
            }
          ]
        },
        {
          "datasource": "${DS_NEO4J_DS}",
          "editable": true,
          "error": false,
          "id": 7,
          "insightsPanelData": {
            "chartOptions": {
              "backgroundColor": {
                "fill": "#fbfbfb"
              },
              "booleanRole": "certainty",
              "hAxis": {
                "logScale": false,
                "maxValue": null,
                "minValue": null,
                "useFormatFromData": true,
                "viewWindow": {
                  "max": null,
                  "min": null
                }
              },
              "height": 218,
              "isStacked": false,
              "legacyScatterChartLabels": true,
              "legend": "none",
              "vAxes": [
                {
                  "maxValue": null,
                  "minValue": null,
                  "useFormatFromData": true,
                  "viewWindow": null,
                  "viewWindowMode": null
                },
                {
                  "useFormatFromData": true
                }
              ],
              "width": "100%"
            },
            "chartType": "BarChart",
            "insightsChartEditorModel": {
              "targets": [
                {
                  "columnModel": [
                    {
                      "name": "AssignedTo",
                      "type": "string"
                    },
                    {
                      "name": "Count",
                      "type": "number"
                    }
                  ],
                  "id": "A"
                }
              ]
            }
          },
          "links": [],
          "span": 6,
          "targets": [
            {
              "rawQuery": true,
              "refId": "A",
              "target": "match (n:DEFECTS) return DISTINCT n.AssignedTo as AssignedTo, count(n) as Count order by Count desc limit 5"
            }
          ],
          "title": "Top Assingee",
          "type": "insightscharts"
        }
      ],
      "showTitle": false,
      "titleSize": "h6",
      "height": "250px",
      "repeat": null,
      "repeatRowId": null,
      "repeatIteration": null,
      "collapse": false
    },
    {
      "title": "New row",
      "panels": [
        {
          "aliasColors": {},
          "bars": true,
          "datasource": "${DS_ELATICSEARCH_DS}",
          "editable": true,
          "error": false,
          "fill": 1,
          "grid": {},
          "id": 4,
          "legend": {
            "alignAsTable": true,
            "avg": false,
            "current": false,
            "max": false,
            "min": false,
            "rightSide": true,
            "show": true,
            "total": true,
            "values": true
          },
          "lines": false,
          "linewidth": 2,
          "links": [],
          "nullPointMode": "connected",
          "percentage": false,
          "pointradius": 5,
          "points": false,
          "renderer": "flot",
          "seriesOverrides": [],
          "span": 12,
          "stack": true,
          "steppedLine": false,
          "targets": [
            {
              "bucketAggs": [
                {
                  "fake": true,
                  "field": "DefectDuring",
                  "id": "3",
                  "settings": {
                    "order": "asc",
                    "orderBy": "_term",
                    "size": "10"
                  },
                  "type": "terms"
                },
                {
                  "field": "inSightsTimeX",
                  "id": "2",
                  "settings": {
                    "interval": "1d",
                    "min_doc_count": 0,
                    "trimEdges": 0
                  },
                  "type": "date_histogram"
                }
              ],
              "dsType": "elasticsearch",
              "metrics": [
                {
                  "field": "select field",
                  "id": "1",
                  "type": "count"
                }
              ],
              "query": "_type:DEFECTS",
              "refId": "A",
              "timeField": "inSightsTimeX"
            }
          ],
          "thresholds": [],
          "timeFrom": null,
          "timeShift": null,
          "title": "Defects Trend by Type",
          "tooltip": {
            "msResolution": true,
            "shared": true,
            "sort": 0,
            "value_type": "individual"
          },
          "type": "graph",
          "xaxis": {
            "mode": "time",
            "name": null,
            "show": true,
            "values": []
          },
          "yaxes": [
            {
              "format": "short",
              "label": null,
              "logBase": 1,
              "max": null,
              "min": null,
              "show": true
            },
            {
              "format": "short",
              "label": null,
              "logBase": 1,
              "max": null,
              "min": null,
              "show": true
            }
          ]
        }
      ],
      "showTitle": false,
      "titleSize": "h6",
      "height": 284,
      "repeat": null,
      "repeatRowId": null,
      "repeatIteration": null,
      "collapse": false
    }
  ]
}