{
  "__inputs": [
    {
      "name": "DS_NEO4J_DS",
      "label": "Neo4j_DS",
      "description": "",
      "type": "datasource",
      "pluginId": "neo4j",
      "pluginName": "Neo4j"
    }
  ],
  "__requires": [
    {
      "type": "panel",
      "id": "toolsinsights",
      "name": "ToolsInsight",
      "version": ""
    },
    {
      "type": "grafana",
      "id": "grafana",
      "name": "Grafana",
      "version": "4.0.2"
    },
    {
      "type": "datasource",
      "id": "neo4j",
      "name": "Neo4j",
      "version": "1.0.0"
    }
  ],
  "id": null,
  "title": "Traceability Dashboard",
  "tags": [],
  "style": "dark",
  "timezone": "browser",
  "editable": true,
  "sharedCrosshair": false,
  "hideControls": false,
  "time": {
    "from": "now-6h",
    "to": "now"
  },
  "timepicker": {
    "refresh_intervals": [
      "5s",
      "10s",
      "30s",
      "1m",
      "5m",
      "15m",
      "30m",
      "1h",
      "2h",
      "1d"
    ],
    "time_options": [
      "5m",
      "15m",
      "1h",
      "6h",
      "12h",
      "24h",
      "2d",
      "7d",
      "30d"
    ]
  },
  "templating": {
    "list": []
  },
  "annotations": {
    "list": []
  },
  "schemaVersion": 13,
  "version": 1,
  "links": [],
  "gnetId": null,
  "rows": [
    {
      "title": "Row",
      "panels": [
        {
          "datasource": "${DS_NEO4J_DS}",
          "editable": true,
          "error": false,
          "id": 1,
          "pipelinePanelMetaData": {},
          "span": 12,
          "targets": [
            {
              "rawQuery": true,
              "refId": "A",
              "target": "match (n:DATA) where exists(n.toolName) WITH distinct n.toolName as toolName, keys(n) as keys unwind keys as key WITH toolName, collect(distinct key) as keys WITH {toolName: toolName, keys: keys} as data return collect(data) as data"
            }
          ],
          "title": "Panel Title",
          "toolsInsightsPanelCtrl": {
            "message": "",
            "selectedToolsSeq": [
              "JIRA",
              "BITBUCKET",
              "JENKINS",
              "NEXUS",
              "SONAR",
              "RUNDECK",
              "TESTING"
            ],
            "toolsDetailJson": {
              "BITBUCKET": [
                "bit_Jira_Key",
                "bit_commitId",
                "bit_reponame",
                "bit_authorName",
                "bit_authorEmail"
              ],
              "JENKINS": [
                "jen_BuildNumber",
                "jen_SCMCommitId",
                "jen_RundeckJobId",
                "jen_ProjectName",
                "jen_Result"
              ],
              "JIRA": [
                "jir_jirakey",
                "jir_projectname",
                "jir_priority",
                "jir_status",
                "inSightsTimeX"
              ],
              "NEXUS": [
                "nex_version",
                "nex_artifactid",
                "nex_repoid",
                "nex_buildnumber",
                "nex_artifactfullname",
                "nex_groupid",
                "execId"
              ],
              "RUNDECK": [
                "run_JobId",
                "run_ExecutionId",
                "run_ProjectName",
                "run_JobName",
                "run_Status"
              ],
              "SONAR": [
                "resourcekey",
                "complexity",
                "coverage",
                "duplicated_files",
                "new_violations"
              ],
              "TESTING": [
                "Enviornment",
                "Defects",
                "Test_Case_Status",
                "Test_Cases",
                "Requirement_Description",
                "inSightsTime"
              ]
            }
          },
          "type": "toolsinsights"
        }
      ],
      "showTitle": false,
      "titleSize": "h6",
      "height": "500px",
      "repeat": null,
      "repeatRowId": null,
      "repeatIteration": null,
      "collapse": false
    }
  ]
}