<?xml version="1.0" encoding="UTF-8" ?>
<!DOCTYPE log4j:configuration SYSTEM "log4j.dtd">
<log4j:configuration debug="true"
  xmlns:log4j='http://jakarta.apache.org/log4j/'>

	<appender name="console" class="org.apache.log4j.ConsoleAppender">
	    <layout class="org.apache.log4j.PatternLayout">
		<param name="ConversionPattern"
			value="%d{yyyy-MM-dd HH:mm:ss} %-5p %c{1}:%L - %m%n" />
	    </layout>
	</appender>

	<appender name="file" class="org.apache.log4j.RollingFileAppender">
	    <param name="append" value="true" />
	    <param name="maxFileSize" value="10MB" />
	    <param name="maxBackupIndex" value="10" />
	    <param name="file" value="platforminsights.log" />
	    <layout class="org.apache.log4j.PatternLayout">
		<param name="ConversionPattern"
			value="%d{yyyy-MM-dd HH:mm:ss} %-5p %c{1}:%L - %m%n" />
	    </layout>
	</appender>

	<logger name="com.cognizant.devops.platforminsights">
        <level value="debug"/>
        <appender-ref ref="file"/>
    </logger>
    
    <logger name="org.apache.spark">
        <level value="debug"/>
        <appender-ref ref="file"/>
    </logger>
    
    
</log4j:configuration>