{
"endpointData": {
    "elasticSearchEndpoint": "http://localhost:9200"
  },
  "sparkConfigurations": {
    "appName" : "inSights",
	  "master" : "local[*]",
	  "sparkExecutorMemory" : "8g",
	  "sparkElasticSearchHost": "http://localhost",
	  "sparkElasticSearchPort": "9200",
	  "sparkElasticSearchConfigIndex": "",
	  "sparkElasticSearchResultIndex": "",
	  "kpiSize": "30",
	  "sparkResultSince": 5,		
	  "sparkMasterExecutionEndPoint":"http://localhost:4040"
  },
  "emailConfiguration": {
		"sendEmailEnabled": true,
		"smtpHostServer": "",
		"smtpPort": "",
		"smtpUserName": "",
		"smtpPassword": "",
		"isAuthRequired": true,
		"smtpStarttlsEnable": true,
		"emailVelocityTemplate": "",
		"mailFrom": " ",
		"mailTo": " ",
		"subject": "QA - Insights inference details",
		"logo" :"img/Insight.svg",
		"line" :"img/Line.svg",
		"footerLogo" :"img/FooterLogo.svg"
	},
  "ldapConfiguration": {
	"ldapUrl" : "ldap://ldaphost:389",
    "bindDN": "BindDN",
    "bindPassword": "Passwd",
    "searchBaseDN": "DC=XX,DC=XX",
    "searchFilter": "(sAMAccountName={0})",
    "ldapAttributes": {
      "name": "givenname",
      "surname": "sn",
      "memberOf": "",
      "email": "mail",
      "username": "sAMAccountName"
    }
  },
  "graph": {
    "endpoint": "http://localhost:7474",
    "authToken": "bmVvNGo6QzBnbml6YW50QDE=",
	  "boltEndPoint" : "bolt://localhost:7687",
		"maxIdleConnections":25
  },
  "grafana": {
    "grafanaEndpoint": "http://localhost:3000",
    "grafanaDBEndpoint": "jdbc:postgresql://localhost:5432/grafana",
    "adminUserName": "admin",
    "adminUserPassword": "admin",
    "dbUserName": "grafana",
    "dbPassword": "C0gnizant@1"
  },
  "postgre": {
	  "userName" : "grafana",
	  "password" : "C0gnizant@1",
	  "insightsDBUrl": "jdbc:postgresql://127.0.0.1:5432/insight",
	  "grafanaDBUrl": "jdbc:postgresql://127.0.0.1:5432/grafana"
  },
  "messageQueue": {
    "host": "localhost",
    "user": "iSight",
    "password": "iSight"
  },
  "insightsServiceURL": "http://localhost:8080",
  "disableAuth": false,
  "enableNativeUsers": true,
  "insightsTimeZone": "Asia/Kolkata",
  "userId": "UserID",
  "password": "Passwd",
  "refreshTime": "Jan 22, 2017 5:04:25 PM",
  "trustedHosts": [
    "localhost"
  ]
}